<?xml version="1.0" encoding="UTF-8"?>
<!DOCTYPE mapper PUBLIC "-//mybatis.org//DTD Mapper 3.0//EN" "http://mybatis.org/dtd/mybatis-3-mapper.dtd">
<mapper namespace="com.yixiang.np.dao.PltmPaymentDao">
    <resultMap id="BaseResultMap" type="PltmPayment">
        <id column="pltmPayment_id" jdbcType="BIGINT" property="id"/>
        <result column="pltmPayment_pay_no" jdbcType="VARCHAR" property="payNo"/>
        <result column="pltmPayment_pay_name" jdbcType="VARCHAR" property="payName"/>
        <result column="pltmPayment_pay_account" jdbcType="VARCHAR" property="payAccount"/>
        <result column="pltmPayment_pay_money" jdbcType="REAL" property="payMoney"/>
        <result column="pltmPayment_pay_time" jdbcType="TIMESTAMP" property="payTime"/>
        <result column="pltmPayment_pay_userid" jdbcType="INTEGER" property="payUserid"/>
        <result column="pltmPayment_pay_type" jdbcType="INTEGER" property="payType"/>
        <result column="pltmPayment_pay_remarks" jdbcType="VARCHAR" property="payRemarks"/>
        <result column="pltmPayment_audit_userid" jdbcType="INTEGER" property="auditUserid"/>
        <result column="pltmPayment_audit_time" jdbcType="TIMESTAMP" property="auditTime"/>
        <result column="pltmPayment_audit_remarks" jdbcType="VARCHAR" property="auditRemarks"/>
        <result column="pltmPayment_status" jdbcType="INTEGER" property="status"/>
        <result column="pltmPayment_create_userid" jdbcType="INTEGER" property="createUserid"/>
        <result column="pltmPayment_create_time" jdbcType="TIMESTAMP" property="createTime"/>
        <result column="pltmPayment_last_update_userid" jdbcType="INTEGER" property="lastUpdateUserid"/>
        <result column="pltmPayment_last_update_time" jdbcType="TIMESTAMP" property="lastUpdateTime"/>
    </resultMap>

    <resultMap id="PltmPaymentVoResult" type="PltmPaymentVo">
        <id column="pltmPayment_id" jdbcType="BIGINT" property="id"/>
        <result column="pltmPayment_pay_no" jdbcType="VARCHAR" property="payNo"/>
        <result column="pltmPayment_pay_name" jdbcType="VARCHAR" property="payName"/>
        <result column="pltmPayment_pay_account" jdbcType="VARCHAR" property="payAccount"/>
        <result column="pltmPayment_pay_money" jdbcType="REAL" property="payMoney"/>
        <result column="pltmPayment_pay_time" jdbcType="TIMESTAMP" property="payTime"/>
        <result column="pltmPayment_pay_userid" jdbcType="INTEGER" property="payUserid"/>
        <result column="pltmPayment_pay_type" jdbcType="INTEGER" property="payType"/>
        <result column="pltmPayment_pay_remarks" jdbcType="VARCHAR" property="payRemarks"/>
        <result column="pltmPayment_audit_userid" jdbcType="INTEGER" property="auditUserid"/>
        <result column="pltmPayment_audit_time" jdbcType="TIMESTAMP" property="auditTime"/>
        <result column="pltmPayment_audit_remarks" jdbcType="VARCHAR" property="auditRemarks"/>
        <result column="pltmPayment_status" jdbcType="INTEGER" property="status"/>
        <result column="pltmPayment_create_userid" jdbcType="INTEGER" property="createUserid"/>
        <result column="pltmPayment_create_time" jdbcType="TIMESTAMP" property="createTime"/>
        <result column="pltmPayment_last_update_userid" jdbcType="INTEGER" property="lastUpdateUserid"/>
        <result column="pltmPayment_last_update_time" jdbcType="TIMESTAMP" property="lastUpdateTime"/>
        <result column="sys_organization_name" jdbcType="VARCHAR" property="organizationName"/>

    </resultMap>
    <sql id="Base_Column_List">
        pltmPayment.id as pltmPayment_id, pltmPayment.pay_no as pltmPayment_pay_no, pltmPayment.pay_name as
        pltmPayment_pay_name,
        pltmPayment.pay_account as pltmPayment_pay_account, pltmPayment.pay_money as pltmPayment_pay_money,
        pltmPayment.pay_time as pltmPayment_pay_time, pltmPayment.pay_userid as pltmPayment_pay_userid,
        pltmPayment.pay_type as pltmPayment_pay_type, pltmPayment.pay_remarks as pltmPayment_pay_remarks,
        pltmPayment.audit_userid as pltmPayment_audit_userid, pltmPayment.audit_time as pltmPayment_audit_time,
        pltmPayment.audit_remarks as pltmPayment_audit_remarks, pltmPayment.status as pltmPayment_status,
        pltmPayment.create_userid as pltmPayment_create_userid, pltmPayment.create_time as pltmPayment_create_time,
        pltmPayment.last_update_userid as pltmPayment_last_update_userid, pltmPayment.last_update_time as
        pltmPayment_last_update_time
    </sql>
    <!--parameterType="map"-->
    <select id="pageByCondition" resultMap="PltmPaymentVoResult">
        select
        <include refid="Base_Column_List"/>, sys_organization.name as sys_organization_name
        from
        pltm_payment pltmPayment
        left join
        sys_user sys_user on pltmPayment.pay_userid = sys_user.id
        left join
        sys_organization sys_organization on sys_user.organization_id = sys_organization.id
        <where>
            <if test="payNo != null and payNo != ''">
                and pltmPayment.pay_no like CONCAT('%','${payNo}','%')
            </if>
            <if test="buyer != null and buyer != ''">
                and sys_organization.name like CONCAT('%','${buyer}','%')
            </if>
            <if test="startDate != null">
                and pltmPayment.create_time >= #{startDate,jdbcType=TIMESTAMP}
            </if>
            <if test="endDate != null">
                and pltmPayment.create_time <![CDATA[<]]>= #{endDate,jdbcType=TIMESTAMP}
            </if>
            <if test="status != null">
                and pltmPayment.status = #{status,jdbcType=INTEGER}
            </if>
        </where>
        order by pltmPayment.pay_no desc
    </select>

    <select id="queryPaymentDetail" resultType="com.yixiang.np.model.po.PaymentDetail" parameterType="java.lang.Long">
        SELECT
            pltmOrder.id AS pltmOrderId,
            pltmOrder.order_number AS orderNumber,
            pltmOrder.pss_order_number AS pssOrderNumber,
            sys_organization.name AS buyOrganName,
            sys_organization1.name AS saleOrganName,
            pltmOrder.supplier AS saleOrganId,
            pltmOrder.pay_price AS payPrice,
            pltmOrder.purch_quantity AS purchQuantity,
            pltmPayment.pay_time AS payTime,
            pltmOrder.order_status AS orderStatus,
            pltmOrder.finance_status AS financeStatus,
            pltmOrder.remark AS orderRemark,
            pltmPayment.pay_account AS payAccount,
            pltmPayment.pay_name AS payName,
            pltmPayment.pay_money AS payMoney,
            pltmPayment.audit_remarks AS auditRemarks,
            pltmPayment.pay_no as payNo,
            pltmPayment.id AS pltmPaymentId
        FROM
            pltm_order pltmOrder
            LEFT JOIN
            pltm_payment_order pltmPaymentOrder ON pltmOrder.order_number = pltmPaymentOrder.order_no
            LEFT JOIN
            pltm_payment pltmPayment ON pltmPaymentOrder.pay_no = pltmPayment.pay_no
            LEFT JOIN
            sys_user sys_user ON pltmPayment.pay_userid = sys_user.id
            LEFT JOIN
            sys_organization sys_organization ON sys_user.organization_id = sys_organization.id
            LEFT JOIN
            sys_organization sys_organization1 ON pltmOrder.supplier = sys_organization1.id
        <where>
            <if test="id != null">
                pltmPayment.id = #{id, jdbcType=BIGINT}
            </if>
            and pltmPayment.status>-1
        </where>
    </select>

    <insert id="create" parameterType="com.yixiang.np.model.po.PltmPayment">
        insert into pltm_payment (pay_no, pay_name,
        pay_account, pay_money, pay_time,
        pay_userid, pay_type, pay_remarks,
        status, create_userid, create_time,
        last_update_userid, last_update_time)
        values (#{payNo,jdbcType=VARCHAR}, #{payName,jdbcType=VARCHAR},
        #{payAccount,jdbcType=VARCHAR}, #{payMoney,jdbcType=REAL}, #{payTime,jdbcType=TIMESTAMP},
        #{payUserid,jdbcType=INTEGER}, #{payType,jdbcType=INTEGER}, #{payRemarks,jdbcType=VARCHAR},
        #{status,jdbcType=INTEGER}, #{createUserid,jdbcType=INTEGER}, #{createTime,jdbcType=TIMESTAMP},
        #{lastUpdateUserid,jdbcType=INTEGER}, #{lastUpdateTime,jdbcType=TIMESTAMP})
    </insert>
    <insert id="createPayOrder" parameterType="com.yixiang.np.model.po.PltmPaymentOrder">
        insert into pltm_payment_order (order_no, pay_no)
        values (#{orderNo,jdbcType=VARCHAR}, #{payNo,jdbcType=VARCHAR})
    </insert>
    
    <select id="paymentOrderQuery" resultType="com.yixiang.np.model.vo.PaymentOrderVo">
    	SELECT t1.id,
		t1.supplier_name saler,
		t1.purchase_name buyer,
		t1.order_number orderNumber,
		t1.pss_order_number pssOrderNumber,
		t1.purch_quantity purchQuantity,
		t1.unit_price unitPrice,
		t1.purch_quantity * t1.unit_price sum,
		t3.pay_time payDate,
		t1.order_status orderStatus,
		t1.finance_status financeStatus
		FROM pltm_order t1
    	LEFT JOIN pltm_payment_order t2 ON t1.order_number=t2.order_no
    	LEFT JOIN pltm_payment t3 ON t2.pay_no=t3.pay_no 
    	where t3.pay_no=#{payNo}
    </select>
    <update id="updatePayment" parameterType="com.yixiang.np.model.vo.PltmPaymentVo">
    	update pltm_payment t set 
    		t.status=#{status},
    		t.audit_userid=#{lastUpdateUserid},
    		t.audit_time=#{lastUpdateTime},
    		t.audit_remarks=#{auditRemarks},
    		t.last_update_userid=#{lastUpdateUserid},
    		t.last_update_time=#{lastUpdateTime}
    	where t.pay_no=#{payNo}
    </update>
    <update id="updateOrder" parameterType="com.yixiang.np.model.vo.OrderParam">
    	update pltm_order t set
    		t.order_status=#{status},
    		t.finance_status=#{financeStatus},
    		t.remark=#{orderRemark}
    	where t.order_number=#{orderNo}
    </update>
    <update id="updatePltmAccount">
		UPDATE pltm_account SET money=money+(SELECT pay_money FROM pltm_payment WHERE pay_no=#{payNo}) WHERE id=1
    </update>
</mapper>