<?xml version="1.0" encoding="UTF-8" ?>
<!DOCTYPE mapper PUBLIC "-//mybatis.org//DTD Mapper 3.0//EN" "http://mybatis.org/dtd/mybatis-3-mapper.dtd" >
<mapper namespace="com.yixiang.np.dao.PltmOrderDao">
    <!--<resultMap id="PltmOrderBaseResultMap" type="PltmOrder">-->
        <!--<id column="pltmOrder_id" property="id" jdbcType="BIGINT"/>-->
        <!--<result column="pltmOrder_order_number" property="orderNumber" jdbcType="CHAR"/>-->
        <!--<result column="pltmOrder_pss_order_number" property="pssOrderNumber" jdbcType="CHAR"/>-->
        <!--<result column="pltmOrder_pss_routing_fare_id" property="pssRoutingFareId" jdbcType="INTEGER"/>-->
        <!--<result column="pltmOrder_purch_quantity" property="purchQuantity" jdbcType="SMALLINT"/>-->
        <!--<result column="pltmOrder_travel_days" property="travelDays" jdbcType="VARCHAR"/>-->
        <!--<result column="pltmOrder_unit_price" property="unitPrice" jdbcType="REAL"/>-->
        <!--<result column="pltmOrder_luggage_info" property="luggageInfo" jdbcType="VARCHAR"/>-->
        <!--<result column="pltmOrder_ticket_limit_time" property="ticketLimitTime" jdbcType="TINYINT"/>-->
        <!--<result column="pltmOrder_pay_price" property="payPrice" jdbcType="REAL"/>-->
        <!--<result column="pltmOrder_pay_name" property="payName" jdbcType="VARCHAR"/>-->
        <!--<result column="pltmOrder_pay_account" property="payAccount" jdbcType="VARCHAR"/>-->
        <!--<result column="pltmOrder_pay_user_id" property="payUserId" jdbcType="INTEGER"/>-->
        <!--<result column="pltmOrder_pay_time" property="payTime" jdbcType="TIMESTAMP"/>-->
        <!--<result column="pltmOrder_order_status" property="orderStatus" jdbcType="TINYINT"/>-->
        <!--<result column="pltmOrder_create_user" property="createUser" jdbcType="INTEGER"/>-->
        <!--<result column="pltmOrder_create_time" property="createTime" jdbcType="TIMESTAMP"/>-->
        <!--<result column="pltmOrder_last_modify_time" property="lastModifyTime" jdbcType="TIMESTAMP"/>-->
        <!--<result column="pltmOrder_last_modify_person" property="lastModifyPerson" jdbcType="INTEGER"/>-->
        <!--<result column="pltmOrder_remark" property="remark" jdbcType="VARCHAR"/>-->
        <!--<result column="pltmOrder_to_start_airport" property="toStartAirport" jdbcType="VARCHAR"/>-->
        <!--<result column="pltmOrder_to_end_airport" property="toEndAirport" jdbcType="VARCHAR"/>-->
        <!--<result column="pltmOrder_to_start_date" property="toStartDate" jdbcType="TIMESTAMP"/>-->
        <!--<result column="pltmOrder_passenger_uptime" property="passengerUptime" jdbcType="TIMESTAMP"/>-->
        <!--<result column="pltmOrder_ticket_outtime" property="ticketOuttime" jdbcType="TIMESTAMP"/>-->
        <!--<result column="pltmOrder_charges" property="charges" jdbcType="REAL"/>-->
        <!--<result column="pltmOrder_cancel_remarks" property="cancelRemarks" jdbcType="VARCHAR"/>-->
        <!--<result column="pltmOrder_finance_status" property="financeStatus" jdbcType="INTEGER"/>-->
        <!--<result column="pltmOrder_supplier" property="supplier" jdbcType="INTEGER"/>-->
        <!--<result column="pltmOrder_supplier_name" property="supplierName" jdbcType="VARCHAR"/>-->
        <!--<result column="pltmOrder_purchase" property="purchase" jdbcType="VARCHAR"/>-->
        <!--<result column="pltmOrder_purchase_name" property="purchaseName" jdbcType="VARCHAR"/>-->
        <!--<result column="pltmOrder_ticket_loss" property="ticketLoss" jdbcType="REAL"/>-->
        <!--<result column="pltmOrder_ticket_rate" property="ticketRate" jdbcType="REAL"/>-->
        <!--<result column="pltmOrder_order_type" property="orderType" jdbcType="TINYINT"/>-->
        <!--<result column="pltmOrder_contract_no" property="contractNo" jdbcType="VARCHAR"/>-->

    <!--</resultMap>-->

    <!--<sql id="Base_Column_List">-->
        <!--pltmOrder.id as pltmOrder_id, pltmOrder.order_number as pltmOrder_order_number, pltmOrder.pss_order_number as-->
        <!--pltmOrder_pss_order_number,-->
        <!--pltmOrder.pss_routing_fare_id as pltmOrder_pss_routing_fare_id, pltmOrder.purch_quantity as-->
        <!--pltmOrder_purch_quantity,-->
        <!--pltmOrder.travel_days as pltmOrder_travel_days, pltmOrder.unit_price as pltmOrder_unit_price,-->
        <!--pltmOrder.luggage_info as pltmOrder_luggage_info, pltmOrder.ticket_limit_time as pltmOrder_ticket_limit_time,-->
        <!--pltmOrder.pay_price as pltmOrder_pay_price, pltmOrder.pay_name as pltmOrder_pay_name,-->
        <!--pltmOrder.pay_account as pltmOrder_pay_account, pltmOrder.pay_user_id as pltmOrder_pay_user_id,-->
        <!--pltmOrder.pay_time as pltmOrder_pay_time, pltmOrder.order_status as pltmOrder_order_status,-->
        <!--pltmOrder.create_user as pltmOrder_create_user, pltmOrder.create_time as pltmOrder_create_time,-->
        <!--pltmOrder.last_modify_time as pltmOrder_last_modify_time, pltmOrder.last_modify_person as-->
        <!--pltmOrder_last_modify_person,-->
        <!--pltmOrder.remark as pltmOrder_remark, pltmOrder.to_start_airport as pltmOrder_to_start_airport,-->
        <!--pltmOrder.to_end_airport as pltmOrder_to_end_airport, pltmOrder.to_start_date as pltmOrder_to_start_date,-->
        <!--pltmOrder.passenger_uptime as pltmOrder_passenger_uptime, pltmOrder.ticket_outtime as pltmOrder_ticket_outtime,-->
        <!--pltmOrder.charges as pltmOrder_charges, pltmOrder.cancel_remarks as pltmOrder_cancel_remarks,-->
        <!--pltmOrder.finance_status as pltmOrder_finance_status, pltmOrder.supplier as pltmOrder_supplier,-->
        <!--pltmOrder.supplier_name as pltmOrder_supplier_name, pltmOrder.purchase as pltmOrder_purchase,-->
        <!--pltmOrder.purchase_name as pltmOrder_purchase_name, pltmOrder.ticket_loss as pltmOrder_ticket_loss,-->
        <!--pltmOrder.ticket_rate as pltmOrder_ticket_rate, pltmOrder.order_type AS pltmOrder_order_type,-->
        <!--pltmOrder.contract_no as pltmOrder_contract_no-->
    <!--</sql>-->
    <insert id="create" useGeneratedKeys="true" keyProperty="id">
        insert into pltm_order (order_number, pss_order_number,
        purch_quantity, travel_days, unit_price,
        luggage_info, ticket_limit_time, pay_price,
        pay_name, pay_account, pay_user_id,
        pay_time, order_status, create_user,
        create_time, last_modify_time, last_modify_person,
        remark, to_start_airport, to_end_airport, to_start_date,
        pss_routing_fare_id,supplier,supplier_name,purchase,purchase_name, ticket_loss,
        ticket_rate,order_type,product_id,routing_type)
        values (#{orderNumber,jdbcType=CHAR}, #{pssOrderNumber,jdbcType=CHAR},
        #{purchQuantity,jdbcType=SMALLINT}, #{travelDays,jdbcType=TINYINT}, #{unitPrice,jdbcType=REAL},
        #{luggageInfo,jdbcType=VARCHAR}, #{ticketLimitTime,jdbcType=TINYINT}, #{payPrice,jdbcType=REAL},
        #{payName,jdbcType=VARCHAR}, #{payAccount,jdbcType=VARCHAR}, #{payUserId,jdbcType=INTEGER},
        #{payTime,jdbcType=TIMESTAMP}, #{orderStatus,jdbcType=TINYINT}, #{createUser,jdbcType=INTEGER},
        #{createTime,jdbcType=TIMESTAMP}, #{lastModifyTime,jdbcType=TIMESTAMP}, #{lastModifyPerson,jdbcType=INTEGER},
        #{remark,jdbcType=VARCHAR}, #{toStartAirport,jdbcType=VARCHAR}, #{toEndAirport,jdbcType=VARCHAR},
        #{toStartDate,jdbcType=TIMESTAMP}, #{pssRoutingFareId,jdbcType=INTEGER}, #{supplier,jdbcType=INTEGER},
        #{supplierName,jdbcType=INTEGER}, #{purchase,jdbcType=INTEGER}, #{purchaseName,jdbcType=INTEGER},
        #{ticketLoss,jdbcType=REAL}, #{ticketRate,jdbcType=REAL}, #{orderType,jdbcType=INTEGER},
        #{productId,jdbcType=INTEGER},#{routingType,jdbcType=VARCHAR}
        )
    </insert>
    <insert id="createBatch">
        insert into pltm_order (order_number, pss_order_number,
        purch_quantity, travel_days, unit_price,
        luggage_info, ticket_limit_time, pay_price,
        pay_name, pay_account, pay_user_id,
        pay_time, order_status, create_user,
        create_time, last_modify_time, last_modify_person,
        remark, to_start_airport, to_end_airport, to_start_date,
        pss_routing_fare_id,supplier,supplier_name,purchase,purchase_name,
        contract_no,ticket_loss,ticket_rate,order_type,product_id,
        old_purch_quantity,old_unit_price,old_ticket_loss,old_ticket_rate,routing_type
        )
        values
        <foreach collection="list" item="item" index="index" separator=",">
            (#{item.orderNumber,jdbcType=CHAR}, #{item.pssOrderNumber,jdbcType=CHAR},
            #{item.purchQuantity,jdbcType=SMALLINT}, #{item.travelDays,jdbcType=TINYINT},
            #{item.unitPrice,jdbcType=REAL},
            #{item.luggageInfo,jdbcType=VARCHAR}, #{item.ticketLimitTime,jdbcType=TINYINT},
            #{item.payPrice,jdbcType=REAL},
            #{item.payName,jdbcType=VARCHAR}, #{item.payAccount,jdbcType=VARCHAR}, #{item.payUserId,jdbcType=INTEGER},
            #{item.payTime,jdbcType=TIMESTAMP}, #{item.orderStatus,jdbcType=TINYINT},
            #{item.createUser,jdbcType=INTEGER},
            #{item.createTime,jdbcType=TIMESTAMP}, #{item.lastModifyTime,jdbcType=TIMESTAMP},
            #{item.lastModifyPerson,jdbcType=INTEGER},
            #{item.remark,jdbcType=VARCHAR}, #{item.toStartAirport,jdbcType=VARCHAR},
            #{item.toEndAirport,jdbcType=VARCHAR},
            #{item.toStartDate,jdbcType=TIMESTAMP}, #{item.pssRoutingFareId,jdbcType=INTEGER},
            #{item.supplier,jdbcType=INTEGER},
            #{item.supplierName,jdbcType=INTEGER}, #{item.purchase,jdbcType=INTEGER},
            #{item.purchaseName,jdbcType=INTEGER},
            #{item.contractNo},#{item.ticketLoss},#{item.ticketRate}, #{item.orderType,jdbcType=INTEGER},
            #{item.productId,jdbcType=INTEGER},#{item.oldPurchQuantity,jdbcType=INTEGER},
            #{item.oldUnitPrice,jdbcType=INTEGER},#{item.oldTicketLoss,jdbcType=INTEGER},
            #{item.oldTicketRate,jdbcType=INTEGER},#{item.routingType,jdbcType=VARCHAR}
            )
        </foreach>
    </insert>
    <delete id="deleteByOrderNumber" parameterType="java.lang.String">
        delete from pltm_order
        where order_number = #{orderNumber,jdbcType=VARCHAR}
    </delete>
    <delete id="deleteByContractNumber" parameterType="java.lang.String">
        delete from pltm_order
        where contract_no = #{contractNo,jdbcType=VARCHAR}
    </delete>

    <update id="updatePssOrder">
        update pltm_order
        <set>
            <if test="pssOrderNumber != null and pssOrderNumber != ''">
                pss_order_number = #{pssOrderNumber,jdbcType=VARCHAR}
            </if>
        </set>
        <where>
            <if test="id != null">
                id = #{id,jdbcType=BIGINT}
            </if>
        </where>
    </update>
    <update id="updatePssQwOrder">
        update pltm_order
        <set>
            <if test="pssContractNo != null and pssContractNo != ''">
                pss_contract_no = #{pssContractNo,jdbcType=VARCHAR}
            </if>
        </set>
        <where>
            <if test="contractNo != null">
                contract_no = #{contractNo,jdbcType=VARCHAR}
            </if>
        </where>
    </update>
    <update id="updatePssQwOrderNumber" parameterType="java.util.Map">
        <foreach collection="params" index="key" item="ent" separator=";">
            update pltm_order set pss_order_number=#{ent} where order_number=#{key}
        </foreach>
    </update>
    <update id="auditOrderByContractNo">
        <foreach collection="pssOrder" item="item" index="index" separator=";">
            update pltm_order
            <set>
                <if test="item.passengerTotal != null">
                    purch_quantity=#{item.passengerTotal},
                </if>
                <if test="item.price != null">
                    unit_price=#{item.price},
                </if>
                <if test="item.ticketLoss != null">
                    ticket_loss=#{item.ticketLoss},
                </if>
                <if test="item.ticketRate != null">
                    ticket_rate=#{item.ticketRate}
                </if>
            </set>
            where order_number=#{item.platformOrderId}
        </foreach>
    </update>
    <update id="updateOrderStatus">
        update pltm_order
        <set>
            <if test="orderStatus != null">
                order_status = #{orderStatus,jdbcType=TINYINT},
            </if>
            <if test="financeStatus != null">
                finance_status = #{financeStatus,jdbcType=TINYINT},
            </if>
            <if test="ticketTimeOut != null">
                ticket_outtime = #{ticketTimeOut,jdbcType=TIMESTAMP},
            </if>
            ticket_outtime=now(),
        </set>
        <where>
            <if test="id != null">
                id = #{id,jdbcType=BIGINT}
            </if>
        </where>
    </update>

    <update id="updateOrderPayTimeOutByOrderNo">
        update pltm_order
        <set>
            <if test="payTimeOut != null">
                pay_time_out = #{payTimeOut,jdbcType=INTEGER},
            </if>
        </set>
        <where>
            <if test="orderNumber != null">
                order_number = #{orderNumber,jdbcType=VARCHAR}
            </if>
        </where>
    </update>
    <!--<select id="queryPltmOrderByStatus" resultMap="PltmOrderBaseResultMap">-->
        <!--SELECT-->
        <!--<include refid="Base_Column_List"/>-->
        <!--FROM pltm_order pltmOrder-->
        <!--WHERE order_status in(2,3)-->
    <!--</select>-->

    <select id="countByContrNoAndOrderStatus" resultType="java.lang.Integer">
        select count(0) from pltm_order t
        <where>
            <if test="contractNo != null and contractNo != ''">
                t.contract_no = #{contractNo, jdbcType=VARCHAR}
            </if>
            <if test="orderStatus != null">
                and t.order_status <![CDATA[<]]> #{orderStatus, jdbcType=INTEGER}
            </if>
        </where>
    </select>

    <update id="updateOrderStatusByContractNo">
        update pltm_order
        <if test="orderStatus != null and orderStatus != ''">
            <set>
                order_status = #{orderStatus,jdbcType=TINYINT}
            </set>
        </if>
        <where>
            <if test="contractNo != null and contractNo != ''">
                contract_no = #{contractNo,jdbcType=TINYINT}
            </if>
        </where>
    </update>
    <update id="stopOrderByContractNo">
        update pltm_order
        <if test="orderStatus != null and orderStatus != ''">
            <set>
                order_status = #{orderStatus,jdbcType=TINYINT}
            </set>
        </if>
        WHERE order_status = 0
        <if test="contractNo != null and contractNo != ''">
            and contract_no = #{contractNo,jdbcType=TINYINT}
        </if>
        <if test="date != null and date != ''">
            and date_format(to_start_date, '%Y-%m-%d')>= #{date,jdbcType=VARCHAR}
        </if>
    </update>

    <select id="selectOrderNumbers" resultType="string">
        select order_number from pltm_order WHERE order_status = 0

        <if test="contractNo != null and contractNo != ''">
            and contract_no = #{contractNo}
        </if>
        <if test="date != null and date != ''">
            and date_format(to_start_date, '%Y-%m-%d')>= #{date}
        </if>

    </select>
    <select id="querySupplierBalance" resultType="java.lang.Double">
        SELECT
        IFNULL(SUM(t.pay_price - t.pay_price * charges),
        0)
        FROM
        pltm_order t
        WHERE
        t.supplier = #{supplier} AND t.order_status = 4;
    </select>
</mapper>