<?xml version="1.0" encoding="UTF-8" ?>
<!DOCTYPE mapper PUBLIC "-//mybatis.org//DTD Mapper 3.0//EN" "http://mybatis.org/dtd/mybatis-3-mapper.dtd" >
<mapper namespace="com.yixiang.np.dao.PltmTradeDetailDao">
    <resultMap id="BaseResultMap" type="PltmTradeDetail">
        <id column="pltmTradeDetail_id" property="id" jdbcType="BIGINT"/>
        <result column="pltmTradeDetail_payer_id" property="payerId" jdbcType="INTEGER"/>
        <result column="pltmTradeDetail_payer_name" property="payerName" jdbcType="VARCHAR"/>
        <result column="pltmTradeDetail_receiver_id" property="receiverId" jdbcType="INTEGER"/>
        <result column="pltmTradeDetail_receiver_name" property="receiverName" jdbcType="VARCHAR"/>
        <result column="pltmTradeDetail_money" property="money" jdbcType="REAL"/>
        <result column="pltmTradeDetail_operate_user" property="operateUser" jdbcType="VARCHAR"/>
        <result column="pltmTradeDetail_operate_time" property="operateTime" jdbcType="TIMESTAMP"/>
        <result column="pltmTradeDetail_bus_type" property="busType" jdbcType="TINYINT"/>
        <result column="pltmTradeDetail_pay_type" property="payType" jdbcType="TINYINT"/>
    </resultMap>
    <sql id="Base_Column_List">
        pltmTradeDetail.id as pltmTradeDetail_id, pltmTradeDetail.payer_id as pltmTradeDetail_payer_id,
        pltmTradeDetail.payer_name as pltmTradeDetail_payer_name, pltmTradeDetail.receiver_id as
        pltmTradeDetail_receiver_id,
        pltmTradeDetail.receiver_name as pltmTradeDetail_receiver_name, pltmTradeDetail.money as pltmTradeDetail_money,
        pltmTradeDetail.operate_user as pltmTradeDetail_operate_user, pltmTradeDetail.operate_time as
        pltmTradeDetail_operate_time,
        pltmTradeDetail.bus_type as pltmTradeDetail_bus_type, pltmTradeDetail.pay_type as pltmTradeDetail_pay_type
    </sql>
    <insert id="create" parameterType="PltmTradeDetail">
        insert into pltm_trade_detail (payer_id, payer_name,
        receiver_id, receiver_name, money,
        operate_user, operate_time, bus_type,
        pay_type)
        values (#{payerId,jdbcType=INTEGER}, #{payerName,jdbcType=VARCHAR},
        #{receiverId,jdbcType=INTEGER}, #{receiverName,jdbcType=VARCHAR}, #{money,jdbcType=REAL},
        #{operateUser,jdbcType=VARCHAR}, #{operateTime,jdbcType=TIMESTAMP}, #{busType,jdbcType=TINYINT},
        #{payType,jdbcType=TINYINT})
    </insert>
</mapper>