<?xml version="1.0" encoding="UTF-8" ?>
<!DOCTYPE mapper PUBLIC "-//mybatis.org//DTD Mapper 3.0//EN" "http://mybatis.org/dtd/mybatis-3-mapper.dtd" >
<mapper namespace="com.yixiang.np.dao.PltmPaymentOrderDao">
    <resultMap id="BaseResultMap" type="PltmPaymentOrder">
        <id column="pltmPaymentOrder_id" property="id" jdbcType="BIGINT"/>
        <result column="pltmPaymentOrder_order_no" property="orderNo" jdbcType="CHAR"/>
        <result column="pltmPaymentOrder_pay_no" property="payNo" jdbcType="CHAR"/>
        <result column="pltmPaymentOrder_remarks" property="remarks" jdbcType="VARCHAR"/>
    </resultMap>
    <insert id="create" parameterType="PltmPaymentOrder">
        insert into pltm_payment_order (order_no, pay_no,
        remarks)
        values (#{orderNo,jdbcType=CHAR}, #{payNo,jdbcType=CHAR},
        #{remarks,jdbcType=VARCHAR})
    </insert>

    <select id="queryOrderNoList" parameterType="java.lang.String" resultType="String">

        SELECT
            t.order_no
        FROM
            pltm_payment_order t
        WHERE
                t.pay_no = (SELECT
                    t1.pay_no
                FROM
                    pltm_payment_order t1
                WHERE
                    t1.order_no = #{orderNo});

    </select>
</mapper>